name,link,duration
Dino King,https://www.youtube.com/watch?v=4SLNdp-uFIg&pp=sAQB,1:28:48
Of Mice and Men,https://www.youtube.com/watch?v=hgHAAuu-YRc&pp=sAQB,1:50:47
House of Bones,https://www.youtube.com/watch?v=u39y87Ja9SM&pp=sAQB,1:30:32
Jack and Jill vs. The World,https://www.youtube.com/watch?v=-5ZkFqFl8-8&pp=sAQB,1:27:26
Dead Snow 2: Red vs Dead,https://www.youtube.com/watch?v=kcOvIDsy7Mo&pp=sAQB,1:40:12
Mothman,https://www.youtube.com/watch?v=Dr4eSu-wLQg&pp=sAQB,1:27:50
Legendary,https://www.youtube.com/watch?v=kfWdI1nIgzk&pp=sAQB,1:32:44
Ghost in the Shell,https://www.youtube.com/watch?v=iHil4Y4r3Wk&pp=sAQB,1:22:40
Jessabelle,https://www.youtube.com/watch?v=27fcebe5EO4&pp=sAQB,1:30:09
A Good Year,https://www.youtube.com/watch?v=VNWfEk28Hq0&pp=sAQB,1:57:33
Down With Love,https://www.youtube.com/watch?v=zjLx_x0QrTY&pp=sAQB,1:41:36
A Rumor of Angels,https://www.youtube.com/watch?v=mmg_iYZVmog&pp=sAQB,1:34:46
Nature Unleashed: Volcano,https://www.youtube.com/watch?v=KwgK4P6OcT0&pp=sAQB,1:30:17
LOL,https://www.youtube.com/watch?v=3WYUcfeZS-E&pp=sAQB,1:36:49
Step Up 3,https://www.youtube.com/watch?v=So4ZfOcgDI8&pp=sAQB,1:46:59
Freedom Force,https://www.youtube.com/watch?v=7pj7EBJ-XqY&pp=sAQB,1:20:56
The Naked Gun 33 ⅓: The Final Insult,https://www.youtube.com/watch?v=90JJeoY7_W8&pp=sAQB,1:22:32
Dances with Wolves,https://www.youtube.com/watch?v=awXn-EHhC_w&pp=sAQB,3:01:05
Life Stinks,https://www.youtube.com/watch?v=WJ3R5-Byd6I&pp=sAQB,1:32:08
The Horse Dancer,https://www.youtube.com/watch?v=a9fpMOX_py8&pp=sAQB,1:54:04
The Secret Scripture,https://www.youtube.com/watch?v=2WqJqRKDxRQ&pp=sAQB,1:48:14
Sweeney Todd: The Demon Barber of Fleet Street,https://www.youtube.com/watch?v=88QpPTHnBf8&pp=sAQB,1:49:16
Robot Overlords,https://www.youtube.com/watch?v=6BIgQ4hDPiQ&pp=sAQB,1:30:08
In The Time Of The Butterflies,https://www.youtube.com/watch?v=CVToNpzsGjU&pp=sAQB,1:32:09
The Legend of Bruce Lee,https://www.youtube.com/watch?v=Pg0KlPHd4HM&pp=sAQB,3:02:30
Trucks,https://www.youtube.com/watch?v=cPEfEkVkrLc&pp=sAQB,1:34:59
Yellowbeard,https://www.youtube.com/watch?v=0m7TsZhMZ9A&pp=sAQB,1:36:31
Once Upon A Time In Shanghai,https://www.youtube.com/watch?v=r_pPQ4HDyKw&pp=sAQB,1:35:16
Snow Queen,https://www.youtube.com/watch?v=-AQc0BGWskM&pp=sAQB,1:16:07
Pixies,https://www.youtube.com/watch?v=wuXn71QRyeE&pp=sAQB,1:17:34
The Naked Gun: From the Files of the Police Squad!,https://www.youtube.com/watch?v=dU_R_EuTKwY&pp=sAQB,1:25:00
Atomic Twister,https://www.youtube.com/watch?v=9SZayk95KmI&pp=sAQB,1:26:48
Contract Killer,https://www.youtube.com/watch?v=d8Rgr3LkzvY&pp=sAQB,1:38:08
Arthur and the Minimoys,https://www.youtube.com/watch?v=iA7RCFVXW1k&pp=sAQB,1:43:45
Star Trek VIII: First Contact,https://www.youtube.com/watch?v=5Eg1jBJ10VI&pp=sAQB,1:50:39
Ribbit,https://www.youtube.com/watch?v=tahzHMWUXKA&pp=sAQB,1:24:57
Dwegons and Lepurcans,https://www.youtube.com/watch?v=0YJ8AqQ3pPY&pp=sAQB,1:37:39
The Final Cut,https://www.youtube.com/watch?v=PgrdmAUxBag&pp=sAQB,1:34:31
2:22,https://www.youtube.com/watch?v=aCSVoajsYOc&pp=sAQB,1:38:54
The Most Wonderful Time of the Year,https://www.youtube.com/watch?v=zHD7O5p_Ol8&pp=sAQB,1:30:30
Let's Kill Wards Wife,https://www.youtube.com/watch?v=CCUQrbneoYM&pp=sAQB,1:22:20
Picture This,https://www.youtube.com/watch?v=Xrx9rOuWH1U&pp=sAQB,1:32:30
March Or Die,https://www.youtube.com/watch?v=01bGNOact2Q&pp=sAQB,1:46:42
World Trade Center,https://www.youtube.com/watch?v=I458CYSb0T8&pp=sAQB,2:09:05
Arthur & Merlin,https://www.youtube.com/watch?v=xZMiiiuvy-4&pp=sAQB,1:49:01
The Assassination,https://www.youtube.com/watch?v=_ESTPOtNSvU&pp=sAQB,1:28:13
Kill Command,https://www.youtube.com/watch?v=2smLfZCnGnM&pp=sAQB,1:39:50
Rise of the Legend,https://www.youtube.com/watch?v=VLQBexQZzik&pp=sAQB,2:11:29
You Laugh But It's True,https://www.youtube.com/watch?v=ZYcXzHf0CQM&pp=sAQB,1:23:32
The Naked Gun 2 1/2: The Smell of Fear,https://www.youtube.com/watch?v=gm7np-8ig_M&pp=sAQB,1:25:03
It's a Boy Girl Thing,https://www.youtube.com/watch?v=XMYnFSY4lgc&pp=sAQB,1:34:40
Exists,https://www.youtube.com/watch?v=hyrjr4qJBhs&pp=sAQB,1:20:59
Valdez is Coming,https://www.youtube.com/watch?v=sK96XRYmhcw&pp=sAQB,1:30:45
Along with the Gods: The Two Worlds,https://www.youtube.com/watch?v=3_LuTLej1bs&pp=sAQB,2:19:44
Venomous,https://www.youtube.com/watch?v=PlxTp3OUkdE&pp=sAQB,1:37:14
Solomon Kane,https://www.youtube.com/watch?v=g8PMS_YMEpI&pp=sAQB,1:44:06
Alien Code,https://www.youtube.com/watch?v=gdTnSv7k-yI&pp=sAQB,1:41:24
Unlocked,https://www.youtube.com/watch?v=rsPjZcic51M&pp=sAQB,1:38:41
The Vatican Tapes,https://www.youtube.com/watch?v=SVEQxOkjIvI&pp=sAQB,1:30:52
Nine Lives,https://www.youtube.com/watch?v=sKL4cSyeBmk&pp=sAQB,1:36:21
Epoch,https://www.youtube.com/watch?v=J0daSW8vQ5Y&pp=sAQB,1:37:04
The Protector 2,https://www.youtube.com/watch?v=OWyzUjSCdPU&pp=sAQB,1:44:50
Goodbye World,https://www.youtube.com/watch?v=SYtni31jIMM&pp=sAQB,1:40:57
The Assassin's Code,https://www.youtube.com/watch?v=9xjwKTqsbsc&pp=sAQB,1:35:55
K Missing Kings,https://www.youtube.com/watch?v=tvFQoRAJ9Do&pp=sAQB,1:13:40
The Prince & Me 2: The Royal Wedding,https://www.youtube.com/watch?v=okUCx9-d8nw&pp=sAQB,1:37:20
Black Water,https://www.youtube.com/watch?v=lWFHCLZUIE4&pp=sAQB,1:44:52
Cooties,https://www.youtube.com/watch?v=IzrdqzhQU7g&pp=sAQB,1:28:02
Teen Witch,https://www.youtube.com/watch?v=nfye7zHsswM&pp=sAQB,1:33:47
Frontera,https://www.youtube.com/watch?v=5p8UTzJeY7A&pp=sAQB,1:42:57
Girl In Progress,https://www.youtube.com/watch?v=JCJ7MBbxKj0&pp=sAQB,1:33:05
Tortilla Soup,https://www.youtube.com/watch?v=o7RpSvi9Hy8&pp=sAQB,1:43:33
Once Upon A Time,https://www.youtube.com/watch?v=vuFoYWwrVq4&pp=sAQB,1:49:28
The Babysitter's Seduction,https://www.youtube.com/watch?v=_JrEUOlMZAc&pp=sAQB,1:31:49
Flight 7500,https://www.youtube.com/watch?v=MbF-kN9qtJc&pp=sAQB,1:19:33
Legend of the Naga Pearls,https://www.youtube.com/watch?v=gXvot0tj_Bs&pp=sAQB,1:47:49
Blitz,https://www.youtube.com/watch?v=EMvIgNcej-w&pp=sAQB,1:36:51
Held Up,https://www.youtube.com/watch?v=yV0fPaLM010&pp=sAQB,1:28:43
Big Brother,https://www.youtube.com/watch?v=VSXVaL0h0w4&pp=sAQB,1:41:14
Planet Hulk,https://www.youtube.com/watch?v=YnnO92ctGAY&pp=sAQB,1:21:08
Zero Days,https://www.youtube.com/watch?v=SoRoMykmibE&pp=sAQB,1:53:47
Collision,https://www.youtube.com/watch?v=XKqvj2Nx28E&pp=sAQB,1:41:22
The Legend of the Red Dragon,https://www.youtube.com/watch?v=FEAq7D4cOno&pp=sAQB,1:27:20
Ip Man: The Final Fight,https://www.youtube.com/watch?v=qGGGLYVxp4Q&pp=sAQB,1:40:31
The Ultimate Life,https://www.youtube.com/watch?v=zKDN2KkRpJ0&pp=sAQB,1:48:58
Cell,https://www.youtube.com/watch?v=z37wCZsyxls&pp=sAQB,1:38:04
Shadow People,https://www.youtube.com/watch?v=Zofneshmvj8&pp=sAQB,1:28:55
It Waits,https://www.youtube.com/watch?v=mSsdH54M-ss&pp=sAQB,1:27:42
A Warrior's Heart,https://www.youtube.com/watch?v=6yjEAa8yLVY&pp=sAQB,1:35:31
Lone Wolf McQuade,https://www.youtube.com/watch?v=TU_t60Ty3F8&pp=sAQB,1:47:14
Trespass,https://www.youtube.com/watch?v=-G4FNeOL2oI&pp=sAQB,1:28:07
Stormageddon,https://www.youtube.com/watch?v=MsqrAq0XLtY&pp=sAQB,1:25:47
Vamps,https://www.youtube.com/watch?v=RCd9RLfWRsc&pp=sAQB,1:32:50
Lucky,https://www.youtube.com/watch?v=I3xds0UqREE&pp=sAQB,1:28:08
Amish Grace,https://www.youtube.com/watch?v=KFwIQ2q9ZYw&pp=sAQB,1:28:55
The Hunter,https://www.youtube.com/watch?v=2vc5les3Q7E&pp=sAQB,1:41:41
Direct Action,https://www.youtube.com/watch?v=cEcsP4SvwcA&pp=sAQB,1:36:27
Khartoum,https://www.youtube.com/watch?v=jGIpchCo_cQ&pp=sAQB,2:16:10
Over The Top (1987),https://www.youtube.com/watch?v=MFb1eG5CgzI&pp=sAQB,1:33:33
Icetastrophe,https://www.youtube.com/watch?v=0_nlmuIz-_s&pp=sAQB,1:26:57
Heal,https://www.youtube.com/watch?v=YrgOxC9Ozuw&pp=sAQB,1:46:49
The Forger (2014),https://www.youtube.com/watch?v=KON9iSZqH7U&pp=sAQB,1:36:11
No Way Back,https://www.youtube.com/watch?v=vF4e7hPpOFA&pp=sAQB,1:27:39
The Arrival,https://www.youtube.com/watch?v=V2NVH0iSTuk&pp=sAQB,1:55:13
Star Trek X: Nemesis,https://www.youtube.com/watch?v=PfyL-GMlaqs&pp=sAQB,1:56:26
Larry the Cable Guy: Health Inspector,https://www.youtube.com/watch?v=LCogSfSiRpc&pp=sAQB,1:30:15
Rodgers & Hammerstein's Cinderella,https://www.youtube.com/watch?v=4xkQjuwihYI&pp=sAQB,1:18:25
The Truman Show,https://www.youtube.com/watch?v=aKgH2ijiHE4&pp=sAQB,1:42:55
Lawman,https://www.youtube.com/watch?v=PpJl3IYeo5I&pp=sAQB,1:38:55
Stargate: Continuum,https://www.youtube.com/watch?v=C5ngJ1eYcpk&pp=sAQB,1:38:37
Cheech and Chong's The Corsican Brothers,https://www.youtube.com/watch?v=nPeEmuyXznQ&pp=sAQB,1:30:31
Things You Can Tell Just By Looking At Her,https://www.youtube.com/watch?v=LShJvxxDbSI&pp=sAQB,1:49:31
The Greatest Story Ever Told,https://www.youtube.com/watch?v=DuGEUXHShc8&pp=sAQB,3:19:11
Flight of the Phoenix,https://www.youtube.com/watch?v=PS9QO2zTQ1s&pp=sAQB,1:52:58
Stolen,https://www.youtube.com/watch?v=C18i6v_PdgA&pp=sAQB,1:35:43
Solar Attack,https://www.youtube.com/watch?v=nnTm6QM7g1o&pp=sAQB,1:31:29
Wargames: The Dead Code,https://www.youtube.com/watch?v=Tyy4FVsVSow&pp=sAQB,1:39:50
Monsters,https://www.youtube.com/watch?v=PH-quh5DQVk&pp=sAQB,1:33:58
Bella,https://www.youtube.com/watch?v=nWZ3su4weng&pp=sAQB,1:31:45
Assassination,https://www.youtube.com/watch?v=g9Xa_elnO8c&pp=sAQB,2:20:00
A Force Of One,https://www.youtube.com/watch?v=smz3TrvLjMU&pp=sAQB,1:31:18
The Delta Force,https://www.youtube.com/watch?v=CuPzKwoqp3A&pp=sAQB,2:09:14
The Rage: Carrie 2,https://www.youtube.com/watch?v=u7AO7MscMnc&pp=sAQB,1:44:53
Civil Brand,https://www.youtube.com/watch?v=EPjsQPJKBW0&pp=sAQB,1:31:16
Kill Switch,https://www.youtube.com/watch?v=YLazFUdtPgY&pp=sAQB,1:31:51
Atlas Shrugged Part 1,https://www.youtube.com/watch?v=k91gP7u3fhs&pp=sAQB,1:36:49
Terminus,https://www.youtube.com/watch?v=UcpRvrdoSt0&pp=sAQB,1:33:47
Body Of Lies,https://www.youtube.com/watch?v=HAI4No8o-GA&pp=sAQB,2:03:09
Lady Bloodfight,https://www.youtube.com/watch?v=WAitZhzmM2g&pp=sAQB,1:40:36
Big Trouble,https://www.youtube.com/watch?v=EG41Asmbo4k&pp=sAQB,1:25:05
Be Afraid,https://www.youtube.com/watch?v=IOM_-OmECzQ&pp=sAQB,1:36:09
Changing Lanes,https://www.youtube.com/watch?v=XjrzaXa5fMw&pp=sAQB,1:38:43
Quantum Apocalypse,https://www.youtube.com/watch?v=c7uQPLweCYE&pp=sAQB,1:34:57
Heartbreakers (2001),https://www.youtube.com/watch?v=Q_86Pw3EaQY&pp=sAQB,2:03:31
Black Butterfly,https://www.youtube.com/watch?v=-_VUHxa7nwg&pp=sAQB,1:33:14
The Reef 2,https://www.youtube.com/watch?v=qLD407tXPZ0&pp=sAQB,1:20:19
The Neighbor,https://www.youtube.com/watch?v=gnvivUeQxWI&pp=sAQB,1:37:15
Sleeper's Wake,https://www.youtube.com/watch?v=yvySaqojOpY&pp=sAQB,1:32:18
Caught In the Crossfire,https://www.youtube.com/watch?v=UHJYo4gOl0Q&pp=sAQB,1:24:41
Descent,https://www.youtube.com/watch?v=x9FIfz--1fo&pp=sAQB,1:36:48
Altitude,https://www.youtube.com/watch?v=qhhWh5xmWR4&pp=sAQB,1:27:55
Come and Find Me,https://www.youtube.com/watch?v=_5ptcb8BQgY&pp=sAQB,1:52:12
Trollhunter,https://www.youtube.com/watch?v=UgpPfHcqSfk&pp=sAQB,1:43:28
If Only,https://www.youtube.com/watch?v=G4Onjo0Y5DY&pp=sAQB,1:35:45
All About Steve,https://www.youtube.com/watch?v=CFCRgDrROug&pp=sAQB,1:38:51
Parkland,https://www.youtube.com/watch?v=qzTN947b3H8&pp=sAQB,1:33:29
In Harm's Way,https://www.youtube.com/watch?v=ub-WFYeDWJU&pp=sAQB,1:37:05
Chalk It Up,https://www.youtube.com/watch?v=UamKIPObYao&pp=sAQB,1:30:06
The Last Godfather,https://www.youtube.com/watch?v=-P5JHDi4KGg&pp=sAQB,1:40:08
Ladron Que Roba A Ladron,https://www.youtube.com/watch?v=cvYgB38VWWM&pp=sAQB,1:38:38
The Gate,https://www.youtube.com/watch?v=zqtw2P9mh3w&pp=sAQB,1:25:58
Possession,https://www.youtube.com/watch?v=HCgt67mUDNY&pp=sAQB,1:25:47
Felony,https://www.youtube.com/watch?v=b8fnSUit5jI&pp=sAQB,1:47:09
The Saint,https://www.youtube.com/watch?v=LKEEwMkdNKo&pp=sAQB,1:56:10
Unseen,https://www.youtube.com/watch?v=5k91g6i879I&pp=sAQB,1:16:51
Wish Upon a Star,https://www.youtube.com/watch?v=3ZH1_bRbSiY&pp=sAQB,1:29:44
Juggernaut,https://www.youtube.com/watch?v=WtwFBQSYHz0&pp=sAQB,1:50:29
Brotherhood of Blades 2,https://www.youtube.com/watch?v=biPPs8yO4Vw&pp=sAQB,1:59:52
An American Haunting,https://www.youtube.com/watch?v=-4LL_wAmY0M&pp=sAQB,1:30:16
Inuyasha the Movie 2: The Castle Beyond the Looking Glass,https://www.youtube.com/watch?v=Wi4pZLdRiEU&pp=sAQB,1:39:12
Ronin,https://www.youtube.com/watch?v=ADqEJ9LePcs&pp=sAQB,1:54:02
The Wrong Babysitter,https://www.youtube.com/watch?v=dKhbmGTb1HE&pp=sAQB,1:29:34
Shortcut to Happiness,https://www.youtube.com/watch?v=bP9qqR0uYCI&pp=sAQB,1:42:05
Control,https://www.youtube.com/watch?v=atO8N4qsda4&pp=sAQB,1:44:59
Raging Sharks,https://www.youtube.com/watch?v=tGHgbPi0xmk&pp=sAQB,1:33:43
The Silence Of The Lambs,https://www.youtube.com/watch?v=EjXxLJXxXEE&pp=sAQB,1:52:20
Beautiful (2000),https://www.youtube.com/watch?v=mauCcHgiyGw&pp=sAQB,1:52:10
The Prince and Me,https://www.youtube.com/watch?v=9jJ2oPtHJe8&pp=sAQB,1:51:51
Are You Here,https://www.youtube.com/watch?v=6f2YlLBqclo&pp=sAQB,1:49:42
Post Impact,https://www.youtube.com/watch?v=DXs2usn0tgM&pp=sAQB,1:35:20
Rob the Mob,https://www.youtube.com/watch?v=f9RGUlvrog0&pp=sAQB,1:44:20
Tidal Wave,https://www.youtube.com/watch?v=uzAjRw9hydM&pp=sAQB,2:00:17
Phat Girlz,https://www.youtube.com/watch?v=W5qE461_gjs&pp=sAQB,1:38:27
Mojin: The Worm Valley,https://www.youtube.com/watch?v=Ie1zHIcqABE&pp=sAQB,1:50:17
A Little Bit of Heaven,https://www.youtube.com/watch?v=LQJHN4gIj9w&pp=sAQB,1:46:55
Frozen,https://www.youtube.com/watch?v=6mns2dXHqw0&pp=sAQB,1:33:17
Borderline,https://www.youtube.com/watch?v=kMJREjZOsGI&pp=sAQB,1:39:16
The Accidental Husband,https://www.youtube.com/watch?v=vnf2eaSTDuA&pp=sAQB,1:30:50
The Story of Jay-Z,https://www.youtube.com/watch?v=cfwGWWpLVb0&pp=sAQB,51:40
Hollow Creek,https://www.youtube.com/watch?v=6ARfUKhPWdo&pp=sAQB,1:56:27
Sleepover,https://www.youtube.com/watch?v=3vRr-A-_j7E&pp=sAQB,1:29:29
The Illusionist,https://www.youtube.com/watch?v=KunQC6a6fPU&pp=sAQB,1:49:12
"Welcome Home, Roxy Carmichael",https://www.youtube.com/watch?v=EbVm_uTYQZQ&pp=sAQB,1:35:57
Shout At The Devil,https://www.youtube.com/watch?v=rwYXvaDDng8&pp=sAQB,2:29:26
The Legend of Tomiris,https://www.youtube.com/watch?v=Abmmo5gHxvU&pp=sAQB,2:35:21
Love Kennedy,https://www.youtube.com/watch?v=Dp__tebMaWc&pp=sAQB,1:31:50
W.,https://www.youtube.com/watch?v=gwlNmCIXbJ8&pp=sAQB,2:09:22
Shot,https://www.youtube.com/watch?v=IMH3b_5J0X4&pp=sAQB,1:36:29
The Seat Filler,https://www.youtube.com/watch?v=eDebJlF4Jfg&pp=sAQB,1:29:46
All Quiet On The Western Front,https://www.youtube.com/watch?v=KPKeYhkBt5A&pp=sAQB,2:36:38
Wedding Daze,https://www.youtube.com/watch?v=9b9gwK3m0xM&pp=sAQB,1:31:40
Voyage Of The Damned,https://www.youtube.com/watch?v=y1RxVTBWKrw&pp=sAQB,2:37:50
Swarmed,https://www.youtube.com/watch?v=qFvSSlyZusY&pp=sAQB,1:36:32
Delirious,https://www.youtube.com/watch?v=yzHfhQQtLw8&pp=sAQB,1:36:04
Top Dog,https://www.youtube.com/watch?v=8mv7PZGzWnA&pp=sAQB,1:33:07
Coriolanus,https://www.youtube.com/watch?v=rTkuvfdiXpU&pp=sAQB,2:02:05
The Jade Pendant,https://www.youtube.com/watch?v=zDoK9i5gduY&pp=sAQB,1:46:52
Elvis and Annabelle,https://www.youtube.com/watch?v=6aRFlWE_2IA&pp=sAQB,1:46:00
But I'm a Cheerleader,https://www.youtube.com/watch?v=0cD4f6fH6Mk&pp=sAQB,1:25:04
The Pirates,https://www.youtube.com/watch?v=dQ1aErDfnEQ&pp=sAQB,2:09:57
Girl with the Pearl Earring,https://www.youtube.com/watch?v=E-UjiGuo2AI&pp=sAQB,1:40:13
The New Daughter,https://www.youtube.com/watch?v=7eTI1qbKFK0&pp=sAQB,1:47:56
High Crimes,https://www.youtube.com/watch?v=tNvdVoeHp-s&pp=sAQB,1:55:12
Missing 411: The Hunted,https://www.youtube.com/watch?v=khwPVkoW8IE&pp=sAQB,1:37:23
Sinbad Of Seven Seas,https://www.youtube.com/watch?v=yTxfDXTs_BI&pp=sAQB,1:33:26
Mo'Nique: One Night Stand,https://www.youtube.com/watch?v=A6x49BpFqQA&pp=sAQB,1:03:58
Saving Private Perez,https://www.youtube.com/watch?v=yZ0ULLRoIvw&pp=sAQB,1:43:52
Mystic Pizza,https://www.youtube.com/watch?v=DwSRQAeu_6w&pp=sAQB,1:44:22
So Undercover,https://www.youtube.com/watch?v=ZldYaXKZlrs&pp=sAQB,1:33:38
Seabiscuit,https://www.youtube.com/watch?v=2lTbuUDSkO0&pp=sAQB,2:20:22
Tracers,https://www.youtube.com/watch?v=tZcjNTsG0M4&pp=sAQB,1:34:06
Guys and Dolls,https://www.youtube.com/watch?v=czCswMQOjCs&pp=sAQB,2:29:25
The Magnificent Seven (1960),https://www.youtube.com/watch?v=a159xGKsDvg&pp=sAQB,2:08:08
Quigley Down Under,https://www.youtube.com/watch?v=Khh2qONCihk&pp=sAQB,1:59:57
Bottle Shock,https://www.youtube.com/watch?v=hI2g8-7GnT8&pp=sAQB,1:48:50
Good Guys Wear Black,https://www.youtube.com/watch?v=KsJAsE94YdI&pp=sAQB,1:35:51
Miss Stevens,https://www.youtube.com/watch?v=zGTAGLuWlLU&pp=sAQB,1:26:02
Abigail,https://www.youtube.com/watch?v=rVpqtm_oPFg&pp=sAQB,1:50:32
From Prada to Nada,https://www.youtube.com/watch?v=Dg03-cAflX8&pp=sAQB,1:46:34
The Black Hole,https://www.youtube.com/watch?v=rd1y3zfeDC8&pp=sAQB,1:30:05
Snow Girl and the Dark Crystal,https://www.youtube.com/watch?v=kpf_HtmAIsA&pp=sAQB,1:57:49
Bandslam,https://www.youtube.com/watch?v=rr3RfCtIH9A&pp=sAQB,1:51:10
Hope Springs Eternal,https://www.youtube.com/watch?v=mUjE_dVM398&pp=sAQB,1:18:51
Rodeo Girl,https://www.youtube.com/watch?v=VTaO0d9ba4c&pp=sAQB,1:48:59
Shaolin,https://www.youtube.com/watch?v=pcIuVT3X_UI&pp=sAQB,2:11:24
Rodgers & Hammerstein's Cinderella,https://www.youtube.com/watch?v=8haIG-hfvms&pp=sAQB,1:18:27
Major League,https://www.youtube.com/watch?v=vu72FHobwVs&pp=sAQB,1:46:36
The Slipper and the Rose,https://www.youtube.com/watch?v=_Ng0Ii6eFq8&pp=sAQB,2:22:51
Europa Report,https://www.youtube.com/watch?v=MLBxd2xxnZ4&pp=sAQB,1:30:15
The Land That Time Forgot,https://www.youtube.com/watch?v=QtF_1hoXe1M&pp=sAQB,1:31:20
American Assassin,https://www.youtube.com/watch?v=RoXQJb4e6f0&pp=sAQB,1:49:25
Milius,https://www.youtube.com/watch?v=1N8ORBMorxE&pp=sAQB,1:43:34
Wargames,https://www.youtube.com/watch?v=HNLQ-O-Qx3Y&pp=sAQB,1:52:46
Jackie Chan: City Hunter,https://www.youtube.com/watch?v=bQKFJMOP_e0&pp=sAQB,1:39:34
Scream; Blacula; Scream!,https://www.youtube.com/watch?v=wD3TlB4fsIE&pp=sAQB,1:36:07
Still Mine,https://www.youtube.com/watch?v=-h1M1abp6tA&pp=sAQB,1:43:05
Idiocracy,https://www.youtube.com/watch?v=0Tv5shB4Gg0&pp=sAQB,1:24:11
Survivor,https://www.youtube.com/watch?v=fzfMsnqD-yM&pp=sAQB,1:36:38
Pete’s Christmas,https://www.youtube.com/watch?v=-7xxNORpitM&pp=sAQB,1:29:20
The Ultimate Legacy,https://www.youtube.com/watch?v=kNw3y4V9qQM&pp=sAQB,1:39:26
The Battle Of Britain (1969),https://www.youtube.com/watch?v=lsCLMPLlVdU&pp=sAQB,2:11:54
Cold Skin,https://www.youtube.com/watch?v=mfVfzbyY7JE&pp=sAQB,1:46:32
Letters to God,https://www.youtube.com/watch?v=x8WtActNJJ8&pp=sAQB,1:53:39
Killers,https://www.youtube.com/watch?v=NTHLkumJjkw&pp=sAQB,1:40:25
A Horse Tale,https://www.youtube.com/watch?v=4D0p0nUyUMA&pp=sAQB,1:24:59
Bait Shop,https://www.youtube.com/watch?v=8-Rxx9gibrE&pp=sAQB,1:25:59
Holiday Engagement,https://www.youtube.com/watch?v=F3EivkVdY6g&pp=sAQB,1:31:55
The Cutting Edge: Going for the Gold,https://www.youtube.com/watch?v=qP5D9YoyCl4&pp=sAQB,1:38:33
Bedazzled,https://www.youtube.com/watch?v=72uosHmSEc8&pp=sAQB,1:33:09
Patriot Games,https://www.youtube.com/watch?v=_HAAJfV3cW8&pp=sAQB,1:56:44
Dead Poets Society,https://www.youtube.com/watch?v=JfJLsWMpTkM&pp=sAQB,2:08:45
What's The Worst That Could Happen?,https://www.youtube.com/watch?v=9LaZ6pqSnqM&pp=sAQB,1:38:28
The Healer,https://www.youtube.com/watch?v=GNcPw5JF0XI&pp=sAQB,1:54:43
A Race of Giants,https://www.youtube.com/watch?v=mR5i0lI3xrw&pp=sAQB,1:01:23
Dying Laughing,https://www.youtube.com/watch?v=mUu2DKoGGDg&pp=sAQB,1:27:29
Love Won’t Let Me Wait,https://www.youtube.com/watch?v=jWxJR87aCmA&pp=sAQB,1:38:59
Species,https://www.youtube.com/watch?v=-IhADNJsO1Y&pp=sAQB,1:32:27
Dear Santa,https://www.youtube.com/watch?v=IkMJzjxAsls&pp=sAQB,1:32:14
The Train,https://www.youtube.com/watch?v=awt082F62rs&pp=sAQB,2:13:17
Octopus,https://www.youtube.com/watch?v=MOhOG1F4YC8&pp=sAQB,1:39:36
Warriors Of Virtue,https://www.youtube.com/watch?v=UK-wXxU9c_w&pp=sAQB,1:42:57
Pulling Strings,https://www.youtube.com/watch?v=AA7zlVLZLNc&pp=sAQB,1:51:36
Legally Blondes,https://www.youtube.com/watch?v=qzrh-HcsTeM&pp=sAQB,1:25:54
The Ron Clark Story,https://www.youtube.com/watch?v=m9V0-K8WWk8&pp=sAQB,1:30:38
Take Me To The River,https://www.youtube.com/watch?v=6FeqxHv6kZQ&pp=sAQB,1:40:00
The Ultimate Gift,https://www.youtube.com/watch?v=p3A0z12RdXA&pp=sAQB,1:57:10
Caveman,https://www.youtube.com/watch?v=B-8mQWTlLXg&pp=sAQB,1:31:50
Beat Street,https://www.youtube.com/watch?v=sWF-MraGWZQ&pp=sAQB,1:46:18
I Still See You,https://www.youtube.com/watch?v=bECcW4ujtlk&pp=sAQB,1:38:11
All Of Me,https://www.youtube.com/watch?v=-S-3j6nShgM&pp=sAQB,1:31:28
Linda Ronstadt: The Sound of My Voice,https://www.youtube.com/watch?v=5k1FGAGSsFw&pp=sAQB,1:33:43
Support Your Local Gunfighter,https://www.youtube.com/watch?v=LjAQFEiDxPA&pp=sAQB,1:32:25
Christmas in the Heartland,https://www.youtube.com/watch?v=PNV9JuuF1qo&pp=sAQB,1:51:58
Slash Raised On The Sunset Strip,https://www.youtube.com/watch?v=F2KUwjvit8s&pp=sAQB,1:11:09
Little Man Tate,https://www.youtube.com/watch?v=1RwHJ3FhkVw&pp=sAQB,1:39:29
Red River,https://www.youtube.com/watch?v=m-kFEM9_Tcc&pp=sAQB,2:12:46
Return Of Sabata,https://www.youtube.com/watch?v=9sRqBuFFkqE&pp=sAQB,1:45:54
"Big Mommas: Like Father, Like Son",https://www.youtube.com/watch?v=Yo9-hspfj8Y&pp=sAQB,1:47:20
The Missouri Breaks,https://www.youtube.com/watch?v=j7dLRznAJ4o&pp=sAQB,2:06:25
Addams Family Values,https://www.youtube.com/watch?v=MAZ_Z0oU9D8&pp=sAQB,1:34:13
Iris,https://www.youtube.com/watch?v=ne6tP9sqqU4&pp=sAQB,1:19:49
Sidekicks,https://www.youtube.com/watch?v=jxRLtte8EIU&pp=sAQB,1:41:00
The Wrecking Crew,https://www.youtube.com/watch?v=-ZgBexrZvM0&pp=sAQB,1:41:53
The Legend Of The Lone Ranger,https://www.youtube.com/watch?v=MMLqWFPEimY&pp=sAQB,1:37:43
Prescription Thugs,https://www.youtube.com/watch?v=AP5JUuw2ZOs&pp=sAQB,1:26:00
Cooley High,https://www.youtube.com/watch?v=ANrXC2HArXA&pp=sAQB,1:47:13
Moondance Alexander,https://www.youtube.com/watch?v=QcMQTQsWq6E&pp=sAQB,1:33:36
Emperor,https://www.youtube.com/watch?v=POOxe1jvKoE&pp=sAQB,1:45:32
Fanboys,https://www.youtube.com/watch?v=WsAV1huleEE&pp=sAQB,1:29:52
Return to Me,https://www.youtube.com/watch?v=nbY5a71f4-U&pp=sAQB,1:55:55
Inuyasha the Movie: Affections Touching Across Time,https://www.youtube.com/watch?v=T2e0ywpZbKI&pp=sAQB,1:40:08
I'm Gonna Git You Sucka,https://www.youtube.com/watch?v=bK2a9L6gdu4&pp=sAQB,1:25:45
Star Kid,https://www.youtube.com/watch?v=ilrXgfnK1iM&pp=sAQB,1:40:54
The Wraith,https://www.youtube.com/watch?v=7cJK9334fM0&pp=sAQB,1:32:54
The Basket,https://www.youtube.com/watch?v=rdxXWYpkTbw&pp=sAQB,1:44:44
Remo Williams: The Adventure Begins...,https://www.youtube.com/watch?v=mm8F_IFK1v8&pp=sAQB,2:01:18
Standing in the Shadows of Motown,https://www.youtube.com/watch?v=dxcgAkv3-O8&pp=sAQB,1:48:02
Escape To Athena,https://www.youtube.com/watch?v=wxfiQQaESXE&pp=sAQB,1:59:25
A Taxi Driver,https://www.youtube.com/watch?v=OWuB1ohsa3U&pp=sAQB,2:17:24
Super Size Me,https://www.youtube.com/watch?v=zKQGAv8gtBA&pp=sAQB,1:38:41
Craig Ferguson: Just Being Honest,https://www.youtube.com/watch?v=nP8kmZvf4b8&pp=sAQB,1:15:04
Encino Man,https://www.youtube.com/watch?v=d2HFYtS9Pxg&pp=sAQB,1:28:25
Can't Buy Me Love,https://www.youtube.com/watch?v=soOEjUIJ18k&pp=sAQB,1:34:07
Sound City,https://www.youtube.com/watch?v=kREXK5sVjQ4&pp=sAQB,1:47:44
Beyond the Lights,https://www.youtube.com/watch?v=xUWKR9STZUg&pp=sAQB,1:56:17
Whitey: United States of America V. James J Bulger,https://www.youtube.com/watch?v=ShkxbjqYorM&pp=sAQB,1:47:26
With Great Power: The Stan Lee Story,https://www.youtube.com/watch?v=Ct9VTQnPa5c&pp=sAQB,1:20:22
The First Monday in May,https://www.youtube.com/watch?v=65X1FSJlOxM&pp=sAQB,1:30:36
It's a Mad Mad Mad World,https://www.youtube.com/watch?v=uhxxGDcWWoc&pp=sAQB,2:39:28
The A-Team,https://www.youtube.com/watch?v=lFI0sOMPXNE&pp=sAQB,1:58:48
Grizzly Man,https://www.youtube.com/watch?v=VBGFONxNpVQ&pp=sAQB,1:44:30
Star Trek VII: Generations,https://www.youtube.com/watch?v=GdTprDGoMN4&pp=sAQB,1:57:58
Mr. Majestyk,https://www.youtube.com/watch?v=8P-jpaybw8A&pp=sAQB,1:43:39
"Adios, Sabata",https://www.youtube.com/watch?v=2uyL3-Vr4FU&pp=sAQB,1:45:17
Something From Nothing: The Art of Rap,https://www.youtube.com/watch?v=cbkOz1nkYyw&pp=sAQB,1:51:32
Chato's Land,https://www.youtube.com/watch?v=PXK2J9F5eO0&pp=sAQB,1:40:31
Breakin' 2: Electric Boogaloo,https://www.youtube.com/watch?v=_EhjOAf9VSs&pp=sAQB,1:34:13
True Grit (1969),https://www.youtube.com/watch?v=TV8Zjf6yc_A&pp=sAQB,2:08:02
Fittest on Earth: A Decade of Fitness,https://www.youtube.com/watch?v=P4AMrqbJP_g&pp=sAQB,1:55:56
Chicago: The Terry Kath Experience,https://www.youtube.com/watch?v=f7egJTtz10E&pp=sAQB,1:19:44
Craig Ferguson: A Wee Bit o' Revolution,https://www.youtube.com/watch?v=i4FEJQrbIQs&pp=sAQB,1:19:39
The Terminal,https://www.youtube.com/watch?v=MzrEBd9ks58&pp=sAQB,2:08:47
Fastball,https://www.youtube.com/watch?v=0Rghz4sa48w&pp=sAQB,1:26:27
Stargate: The Ark of Truth,https://www.youtube.com/watch?v=EYfboHClQKw&pp=sAQB,1:41:54
Nacho Libre,https://www.youtube.com/watch?v=WXAryQxtVbE&pp=sAQB,1:32:06
Inuyasha the Movie 3: Swords of an Honorable Ruler,https://www.youtube.com/watch?v=oZCzcS9N10E&pp=sAQB,1:38:59
Star Trek IX: Insurrection,https://www.youtube.com/watch?v=DLWSqZxQ0gM&pp=sAQB,1:42:56
Thomas Kinkade's Christmas Cottage,https://www.youtube.com/watch?v=-ZbTL_QIOhI&pp=sAQB,1:43:43
The Three Stooges,https://www.youtube.com/watch?v=rmVrI1NVbvk&pp=sAQB,1:31:46
Hoosiers,https://www.youtube.com/watch?v=Qy1xH3wciVQ&pp=sAQB,1:55:09
Missing 411,https://www.youtube.com/watch?v=zEA9-mEOZtA&pp=sAQB,1:37:50
Master And Commander,https://www.youtube.com/watch?v=m9Hf0FgDFGY&pp=sAQB,2:18:22
Bratz: The Movie,https://www.youtube.com/watch?v=KSsbYgYhWmk&pp=sAQB,1:41:56
Super Size Me 2: Holy Chicken,https://www.youtube.com/watch?v=dSyicDf9UvI&pp=sAQB,1:42:58
Brannigan,https://www.youtube.com/watch?v=E21mHnQYu8w&pp=sAQB,1:51:21
The Kids Are Alright,https://www.youtube.com/watch?v=GZ0CaF5nw20&pp=sAQB,1:49:03
The Return Of A Man Called Horse,https://www.youtube.com/watch?v=7_NVju8Cih4&pp=sAQB,2:05:51
James Cameron's Deepsea Challenge 3D,https://www.youtube.com/watch?v=ZZD_nbS1_II&pp=sAQB,1:31:17
Chris Claremont's X-Men,https://www.youtube.com/watch?v=fE9d_loB-I8&pp=sAQB,1:10:29
"A Reason To Live, A Reason To Die",https://www.youtube.com/watch?v=0WQIQBhr0YQ&pp=sAQB,1:30:08
Support Your Local Sheriff!,https://www.youtube.com/watch?v=KRNbbNBGaj0&pp=sAQB,1:32:58
Shaquille O'Neal Presents: All Star Comedy Jam — Live from Sin City,https://www.youtube.com/watch?v=LDAqz3yL9mM&pp=sAQB,1:31:46
Run Silent; Run Deep,https://www.youtube.com/watch?v=WqjIzyylcoA&pp=sAQB,1:33:03
A.K.A. Cassius Clay,https://www.youtube.com/watch?v=jlue9ypW3_Q&pp=sAQB,1:19:01
Froning: The Fittest Man in History,https://www.youtube.com/watch?v=s5g4YU4ak0Q&pp=sAQB,1:39:29
Jiro Dreams of Sushi,https://www.youtube.com/watch?v=Gr09oEJqnfI&pp=sAQB,1:22:29
Gremlins,https://www.youtube.com/watch?v=MsYDYRc1BxQ&pp=sAQB,1:46:18
Uncle P,https://www.youtube.com/watch?v=f9890WnCV-0&pp=sAQB,1:28:23
The Redeemed and the Dominant: Fittest on Earth,https://www.youtube.com/watch?v=W7C0cmitHNo&pp=sAQB,1:59:38
24x36: A Movie About Movie Posters,https://www.youtube.com/watch?v=JfOG3vds9uI&pp=sAQB,1:21:27
Nowitzki: The Perfect Shot,https://www.youtube.com/watch?v=WjpG9Dyf__Q&pp=sAQB,1:46:16
Venus and Serena,https://www.youtube.com/watch?v=8c_w_q60NcM&pp=sAQB,1:39:31
Pumping Iron,https://www.youtube.com/watch?v=6lCCk6rgn84&pp=sAQB,1:25:22
Hurricane Season,https://www.youtube.com/watch?v=SQCXnvgZJy4&pp=sAQB,1:42:36
Dayveon,https://www.youtube.com/watch?v=uwON33nYing&pp=sAQB,1:15:59
The Tillman Story,https://www.youtube.com/watch?v=FEO7aOZnRwQ&pp=sAQB,1:35:11
Moonstruck,https://www.youtube.com/watch?v=5IZBJqDpX5M&pp=sAQB,1:41:57
Kart Racer,https://www.youtube.com/watch?v=CDq4gKRjsTg&pp=sAQB,1:33:06
Hang 'Em High,https://www.youtube.com/watch?v=z0bvM1aY6vM&pp=sAQB,1:54:43
William Shatner Presents: Chaos on the Bridge,https://www.youtube.com/watch?v=SfYfeWEgnxU&pp=sAQB,59:14
